{
    "PSNR": 36.1233268737793,
    "SSIM": 0.9369898813962937,
    "LPIPS": 0.035659698443487285,
    "FID": 31.03093147277832,
    "PSNR_d": 26.276162757873536,
    "SSIM_d": 0.7357901513576508,
    "LPIPS_d": 0.12752911746501921,
    "FID_d": 54.2796516418457
}