{
    "PSNR": 33.07622146606445,
    "SSIM": 0.9332150804996491,
    "LPIPS": 0.039887044932693246,
    "FID": 31.951364517211914,
    "PSNR_d": 29.787964458465577,
    "SSIM_d": 0.8494556033611298,
    "LPIPS_d": 0.10449774842709303,
    "FID_d": 43.19725036621094
}