{
    "PSNR": 31.66468210220337,
    "SSIM": 0.9271559089422226,
    "LPIPS": 0.03870043819770217,
    "FID": 45.62787628173828,
    "PSNR_d": 28.43606777191162,
    "SSIM_d": 0.8305152267217636,
    "LPIPS_d": 0.10404546558856964,
    "FID_d": 64.55142211914062
}