{
    "PSNR": 28.304713611602782,
    "SSIM": 0.8140265607833862,
    "LPIPS": 0.09994536951184273,
    "FID": 48.19261169433594,
    "PSNR_d": 26.47143211364746,
    "SSIM_d": 0.7143691763281822,
    "LPIPS_d": 0.17739413190633058,
    "FID_d": 62.235069274902344
}